timeStamp,service,type,success,responseTime,bytes
1546447785300,/,GET,1,232.815027237,1270
1546447786322,/,GET,1,253.504991531,1270
1546447786322,/,GET,1,253.504991531,1270
1546447787310,/,GET,1,239.888906479,1270
1546447787310,/,GET,1,239.888906479,1270
1546447787310,/,GET,1,239.888906479,1270
1546447788321,/,GET,1,250.602960587,1270
1546447788321,/,GET,1,250.602960587,1270
1546447788321,/,GET,1,250.602960587,1270
1546447788321,/,GET,1,250.602960587,1270
1546447789325,/,GET,1,251.492023468,1270
1546447789325,/,GET,1,251.492023468,1270
1546447789325,/,GET,1,251.492023468,1270
1546447789325,/,GET,1,251.492023468,1270
1546447789325,/,GET,1,251.492023468,1270
1546447790325,/,GET,1,251.21307373,1270
1546447790325,/,GET,1,251.21307373,1270
1546447790325,/,GET,1,251.21307373,1270
1546447790325,/,GET,1,251.21307373,1270
1546447790325,/,GET,1,251.21307373,1270
1546447790325,/,GET,1,251.21307373,1270
1546447790615,/,GET,1,115.397930145,1270
1546447790615,/,GET,1,115.397930145,1270
1546447790615,/,GET,1,115.397930145,1270
1546447790615,/,GET,1,115.397930145,1270
1546447790615,/,GET,1,115.397930145,1270
1546447790615,/,GET,1,115.397930145,1270
1546447790825,/,GET,1,114.207983017,1270
1546447790825,/,GET,1,114.207983017,1270
1546447790825,/,GET,1,114.207983017,1270
1546447790825,/,GET,1,114.207983017,1270
1546447790825,/,GET,1,114.207983017,1270
1546447790825,/,GET,1,114.207983017,1270
1546447791343,/,GET,1,267.631053925,1270
1546447791343,/,GET,1,267.631053925,1270
1546447791343,/,GET,1,267.631053925,1270
1546447791343,/,GET,1,267.631053925,1270
1546447791343,/,GET,1,267.631053925,1270
1546447791343,/,GET,1,267.631053925,1270
1546447791343,/,GET,1,267.631053925,1270
1546447792336,/,GET,1,260.365009308,1270
1546447792336,/,GET,1,260.365009308,1270
1546447792336,/,GET,1,260.365009308,1270
1546447792336,/,GET,1,260.365009308,1270
1546447792336,/,GET,1,260.365009308,1270
1546447792336,/,GET,1,260.365009308,1270
1546447792336,/,GET,1,260.365009308,1270
1546447792336,/,GET,1,260.365009308,1270
1546447792665,/,GET,1,122.412919998,1270
1546447792665,/,GET,1,122.412919998,1270
1546447792665,/,GET,1,122.412919998,1270
1546447792665,/,GET,1,122.412919998,1270
1546447792665,/,GET,1,122.412919998,1270
1546447792665,/,GET,1,122.412919998,1270
1546447792665,/,GET,1,122.412919998,1270
1546447792665,/,GET,1,122.412919998,1270
1546447793374,/,GET,1,218.564987183,1270
1546447793374,/,GET,1,218.564987183,1270
1546447793374,/,GET,1,218.564987183,1270
1546447793374,/,GET,1,218.564987183,1270
1546447793374,/,GET,1,218.564987183,1270
1546447793374,/,GET,1,218.564987183,1270
1546447793374,/,GET,1,218.564987183,1270
1546447793374,/,GET,1,218.564987183,1270
1546447793374,/,GET,1,218.564987183,1270
1546447793381,/,GET,1,304.23116684,1270
1546447793381,/,GET,1,304.23116684,1270
1546447793381,/,GET,1,304.23116684,1270
1546447793381,/,GET,1,304.23116684,1270
1546447793381,/,GET,1,304.23116684,1270
1546447793381,/,GET,1,304.23116684,1270
1546447793381,/,GET,1,304.23116684,1270
1546447793381,/,GET,1,304.23116684,1270
1546447793381,/,GET,1,304.23116684,1270
1546447794136,/,GET,1,111.180782318,1270
1546447794136,/,GET,1,111.180782318,1270
1546447794136,/,GET,1,111.180782318,1270
1546447794136,/,GET,1,111.180782318,1270
1546447794136,/,GET,1,111.180782318,1270
1546447794136,/,GET,1,111.180782318,1270
1546447794136,/,GET,1,111.180782318,1270
1546447794136,/,GET,1,111.180782318,1270
1546447794136,/,GET,1,111.180782318,1270
1546447794136,/,GET,1,111.180782318,1270
1546447794324,/,GET,1,246.628046036,1270
1546447794324,/,GET,1,246.628046036,1270
1546447794324,/,GET,1,246.628046036,1270
1546447794324,/,GET,1,246.628046036,1270
1546447794324,/,GET,1,246.628046036,1270
1546447794324,/,GET,1,246.628046036,1270
1546447794324,/,GET,1,246.628046036,1270
1546447794324,/,GET,1,246.628046036,1270
1546447794324,/,GET,1,246.628046036,1270
1546447794324,/,GET,1,246.628046036,1270
1546447795619,/,GET,1,113.219976425,1270
1546447795619,/,GET,1,113.219976425,1270
1546447795619,/,GET,1,113.219976425,1270
1546447795619,/,GET,1,113.219976425,1270
1546447795619,/,GET,1,113.219976425,1270
1546447795619,/,GET,1,113.219976425,1270
1546447795619,/,GET,1,113.219976425,1270
1546447795619,/,GET,1,113.219976425,1270
1546447795619,/,GET,1,113.219976425,1270
1546447795619,/,GET,1,113.219976425,1270
1546447796078,/,GET,1,119.502067566,1270
1546447796078,/,GET,1,119.502067566,1270
1546447796078,/,GET,1,119.502067566,1270
1546447796078,/,GET,1,119.502067566,1270
1546447796078,/,GET,1,119.502067566,1270
1546447796078,/,GET,1,119.502067566,1270
1546447796078,/,GET,1,119.502067566,1270
1546447796078,/,GET,1,119.502067566,1270
1546447796078,/,GET,1,119.502067566,1270
1546447796078,/,GET,1,119.502067566,1270
1546447796681,/,GET,1,113.041162491,1270
1546447796681,/,GET,1,113.041162491,1270
1546447796681,/,GET,1,113.041162491,1270
1546447796681,/,GET,1,113.041162491,1270
1546447796681,/,GET,1,113.041162491,1270
1546447796681,/,GET,1,113.041162491,1270
1546447796681,/,GET,1,113.041162491,1270
1546447796681,/,GET,1,113.041162491,1270
1546447796681,/,GET,1,113.041162491,1270
1546447796681,/,GET,1,113.041162491,1270
1546447796845,/,GET,1,114.985942841,1270
1546447796845,/,GET,1,114.985942841,1270
1546447796845,/,GET,1,114.985942841,1270
1546447796846,/,GET,1,114.985942841,1270
1546447796846,/,GET,1,114.985942841,1270
1546447796846,/,GET,1,114.985942841,1270
1546447796846,/,GET,1,114.985942841,1270
1546447796846,/,GET,1,114.985942841,1270
1546447796846,/,GET,1,114.985942841,1270
1546447796846,/,GET,1,114.985942841,1270
1546447797086,/,GET,1,116.327047348,1270
1546447797086,/,GET,1,116.327047348,1270
1546447797086,/,GET,1,116.327047348,1270
1546447797086,/,GET,1,116.327047348,1270
1546447797086,/,GET,1,116.327047348,1270
1546447797086,/,GET,1,116.327047348,1270
1546447797086,/,GET,1,116.327047348,1270
1546447797086,/,GET,1,116.327047348,1270
1546447797086,/,GET,1,116.327047348,1270
1546447797086,/,GET,1,116.327047348,1270
1546447797585,/,GET,1,113.881111145,1270
1546447797585,/,GET,1,113.881111145,1270
1546447797585,/,GET,1,113.881111145,1270
1546447797585,/,GET,1,113.881111145,1270
1546447797585,/,GET,1,113.881111145,1270
1546447797585,/,GET,1,113.881111145,1270
1546447797585,/,GET,1,113.881111145,1270
1546447797585,/,GET,1,113.881111145,1270
1546447797585,/,GET,1,113.881111145,1270
1546447797585,/,GET,1,113.881111145,1270
1546447797709,/,GET,1,124.665975571,1270
1546447797709,/,GET,1,124.665975571,1270
1546447797709,/,GET,1,124.665975571,1270
1546447797709,/,GET,1,124.665975571,1270
1546447797709,/,GET,1,124.665975571,1270
1546447797709,/,GET,1,124.665975571,1270
1546447797709,/,GET,1,124.665975571,1270
1546447797709,/,GET,1,124.665975571,1270
1546447797709,/,GET,1,124.665975571,1270
1546447797709,/,GET,1,124.665975571,1270
1546447797860,/,GET,1,114.998102188,1270
1546447797860,/,GET,1,114.998102188,1270
1546447797860,/,GET,1,114.998102188,1270
1546447797860,/,GET,1,114.998102188,1270
1546447797860,/,GET,1,114.998102188,1270
1546447797860,/,GET,1,114.998102188,1270
1546447797860,/,GET,1,114.998102188,1270
1546447797860,/,GET,1,114.998102188,1270
1546447797860,/,GET,1,114.998102188,1270
1546447797860,/,GET,1,114.998102188,1270
1546447798229,/,GET,1,113.503932953,1270
1546447798229,/,GET,1,113.503932953,1270
1546447798229,/,GET,1,113.503932953,1270
1546447798229,/,GET,1,113.503932953,1270
1546447798229,/,GET,1,113.503932953,1270
1546447798229,/,GET,1,113.503932953,1270
1546447798229,/,GET,1,113.503932953,1270
1546447798229,/,GET,1,113.503932953,1270
1546447798229,/,GET,1,113.503932953,1270
1546447798229,/,GET,1,113.503932953,1270
1546447799477,/,GET,1,127.965927124,1270
1546447799477,/,GET,1,127.965927124,1270
1546447799477,/,GET,1,127.965927124,1270
1546447799477,/,GET,1,127.965927124,1270
1546447799477,/,GET,1,127.965927124,1270
1546447799477,/,GET,1,127.965927124,1270
1546447799477,/,GET,1,127.965927124,1270
1546447799477,/,GET,1,127.965927124,1270
1546447799477,/,GET,1,127.965927124,1270
1546447799477,/,GET,1,127.965927124,1270
1546447799522,/,GET,1,123.649835587,1270
1546447799522,/,GET,1,123.649835587,1270
1546447799522,/,GET,1,123.649835587,1270
1546447799522,/,GET,1,123.649835587,1270
1546447799522,/,GET,1,123.649835587,1270
1546447799522,/,GET,1,123.649835587,1270
1546447799522,/,GET,1,123.649835587,1270
1546447799522,/,GET,1,123.649835587,1270
1546447799522,/,GET,1,123.649835587,1270
1546447799522,/,GET,1,123.649835587,1270
1546447799944,/,GET,1,114.112854004,1270
1546447799944,/,GET,1,114.112854004,1270
1546447799944,/,GET,1,114.112854004,1270
1546447799944,/,GET,1,114.112854004,1270
1546447799944,/,GET,1,114.112854004,1270
1546447799944,/,GET,1,114.112854004,1270
1546447799944,/,GET,1,114.112854004,1270
1546447799944,/,GET,1,114.112854004,1270
1546447799944,/,GET,1,114.112854004,1270
1546447799944,/,GET,1,114.112854004,1270
1546447800831,/,GET,1,120.845079422,1270
1546447800831,/,GET,1,120.845079422,1270
1546447800831,/,GET,1,120.845079422,1270
1546447800831,/,GET,1,120.845079422,1270
1546447800831,/,GET,1,120.845079422,1270
1546447800831,/,GET,1,120.845079422,1270
1546447800831,/,GET,1,120.845079422,1270
1546447800831,/,GET,1,120.845079422,1270
1546447800831,/,GET,1,120.845079422,1270
1546447800831,/,GET,1,120.845079422,1270
1546447801756,/,GET,1,117.325782776,1270
1546447801756,/,GET,1,117.325782776,1270
1546447801756,/,GET,1,117.325782776,1270
1546447801756,/,GET,1,117.325782776,1270
1546447801756,/,GET,1,117.325782776,1270
1546447801756,/,GET,1,117.325782776,1270
1546447801756,/,GET,1,117.325782776,1270
1546447801756,/,GET,1,117.325782776,1270
1546447801756,/,GET,1,117.325782776,1270
1546447801756,/,GET,1,117.325782776,1270
1546447801821,/,GET,1,112.176895142,1270
1546447801821,/,GET,1,112.176895142,1270
1546447801821,/,GET,1,112.176895142,1270
1546447801821,/,GET,1,112.176895142,1270
1546447801821,/,GET,1,112.176895142,1270
1546447801821,/,GET,1,112.176895142,1270
1546447801821,/,GET,1,112.176895142,1270
1546447801821,/,GET,1,112.176895142,1270
1546447801821,/,GET,1,112.176895142,1270
1546447801821,/,GET,1,112.176895142,1270
1546447801891,/,GET,1,118.021011353,1270
1546447801891,/,GET,1,118.021011353,1270
1546447801891,/,GET,1,118.021011353,1270
1546447801891,/,GET,1,118.021011353,1270
1546447801891,/,GET,1,118.021011353,1270
1546447801891,/,GET,1,118.021011353,1270
1546447801891,/,GET,1,118.021011353,1270
1546447801891,/,GET,1,118.021011353,1270
1546447801891,/,GET,1,118.021011353,1270
1546447801891,/,GET,1,118.021011353,1270
1546447802128,/,GET,1,114.166021347,1270
1546447802128,/,GET,1,114.166021347,1270
1546447802128,/,GET,1,114.166021347,1270
1546447802128,/,GET,1,114.166021347,1270
1546447802128,/,GET,1,114.166021347,1270
1546447802128,/,GET,1,114.166021347,1270
1546447802128,/,GET,1,114.166021347,1270
1546447802128,/,GET,1,114.166021347,1270
1546447802128,/,GET,1,114.166021347,1270
1546447802128,/,GET,1,114.166021347,1270
1546447802707,/,GET,1,127.538919449,1270
1546447802707,/,GET,1,127.538919449,1270
1546447802707,/,GET,1,127.538919449,1270
1546447802707,/,GET,1,127.538919449,1270
1546447802707,/,GET,1,127.538919449,1270
1546447802707,/,GET,1,127.538919449,1270
1546447802707,/,GET,1,127.538919449,1270
1546447802707,/,GET,1,127.538919449,1270
1546447802707,/,GET,1,127.538919449,1270
1546447802707,/,GET,1,127.538919449,1270
1546447803468,/,GET,1,112.616062164,1270
1546447803468,/,GET,1,112.616062164,1270
1546447803468,/,GET,1,112.616062164,1270
1546447803468,/,GET,1,112.616062164,1270
1546447803468,/,GET,1,112.616062164,1270
1546447803468,/,GET,1,112.616062164,1270
1546447803468,/,GET,1,112.616062164,1270
1546447803468,/,GET,1,112.616062164,1270
1546447803468,/,GET,1,112.616062164,1270
1546447803468,/,GET,1,112.616062164,1270
1546447803474,/,GET,1,111.883163452,1270
1546447803474,/,GET,1,111.883163452,1270
1546447803474,/,GET,1,111.883163452,1270
1546447803474,/,GET,1,111.883163452,1270
1546447803474,/,GET,1,111.883163452,1270
1546447803474,/,GET,1,111.883163452,1270
1546447803474,/,GET,1,111.883163452,1270
1546447803474,/,GET,1,111.883163452,1270
1546447803474,/,GET,1,111.883163452,1270
1546447803474,/,GET,1,111.883163452,1270
1546447804251,/,GET,1,115.844011307,1270
1546447804251,/,GET,1,115.844011307,1270
1546447804251,/,GET,1,115.844011307,1270
1546447804251,/,GET,1,115.844011307,1270
1546447804251,/,GET,1,115.844011307,1270
1546447804251,/,GET,1,115.844011307,1270
1546447804251,/,GET,1,115.844011307,1270
1546447804251,/,GET,1,115.844011307,1270
1546447804251,/,GET,1,115.844011307,1270
1546447804251,/,GET,1,115.844011307,1270
1546447804551,/,GET,1,114.286184311,1270
1546447804551,/,GET,1,114.286184311,1270
1546447804551,/,GET,1,114.286184311,1270
1546447804551,/,GET,1,114.286184311,1270
1546447804551,/,GET,1,114.286184311,1270
1546447804551,/,GET,1,114.286184311,1270
1546447804551,/,GET,1,114.286184311,1270
1546447804551,/,GET,1,114.286184311,1270
1546447804551,/,GET,1,114.286184311,1270
1546447804551,/,GET,1,114.286184311,1270
1546447805085,/,GET,1,198.447942734,1270
1546447805085,/,GET,1,198.447942734,1270
1546447805085,/,GET,1,198.447942734,1270
1546447805085,/,GET,1,198.447942734,1270
1546447805085,/,GET,1,198.447942734,1270
1546447805085,/,GET,1,198.447942734,1270
1546447805085,/,GET,1,198.447942734,1270
1546447805085,/,GET,1,198.447942734,1270
1546447805085,/,GET,1,198.447942734,1270
1546447805085,/,GET,1,198.447942734,1270
1546447805396,/,GET,1,113.362073898,1270
1546447805396,/,GET,1,113.362073898,1270
1546447805396,/,GET,1,113.362073898,1270
1546447805396,/,GET,1,113.362073898,1270
1546447805396,/,GET,1,113.362073898,1270
1546447805396,/,GET,1,113.362073898,1270
1546447805396,/,GET,1,113.362073898,1270
1546447805396,/,GET,1,113.362073898,1270
1546447805396,/,GET,1,113.362073898,1270
1546447805396,/,GET,1,113.362073898,1270
1546447805628,/,GET,1,119.630098343,1270
1546447805628,/,GET,1,119.630098343,1270
1546447805628,/,GET,1,119.630098343,1270
1546447805628,/,GET,1,119.630098343,1270
1546447805628,/,GET,1,119.630098343,1270
1546447805628,/,GET,1,119.630098343,1270
1546447805628,/,GET,1,119.630098343,1270
1546447805628,/,GET,1,119.630098343,1270
1546447805628,/,GET,1,119.630098343,1270
1546447805628,/,GET,1,119.630098343,1270
1546447806275,/,GET,1,114.384174347,1270
1546447806275,/,GET,1,114.384174347,1270
1546447806275,/,GET,1,114.384174347,1270
1546447806275,/,GET,1,114.384174347,1270
1546447806275,/,GET,1,114.384174347,1270
1546447806275,/,GET,1,114.384174347,1270
1546447806275,/,GET,1,114.384174347,1270
1546447806275,/,GET,1,114.384174347,1270
1546447806275,/,GET,1,114.384174347,1270
1546447806275,/,GET,1,114.384174347,1270
1546447806854,/,GET,1,126.76692009,1270
1546447806854,/,GET,1,126.76692009,1270
1546447806854,/,GET,1,126.76692009,1270
1546447806854,/,GET,1,126.76692009,1270
1546447806854,/,GET,1,126.76692009,1270
1546447806854,/,GET,1,126.76692009,1270
1546447806854,/,GET,1,126.76692009,1270
1546447806854,/,GET,1,126.76692009,1270
1546447806854,/,GET,1,126.76692009,1270
1546447806854,/,GET,1,126.76692009,1270
1546447807168,/,GET,1,138.769865036,1270
1546447807168,/,GET,1,138.769865036,1270
1546447807168,/,GET,1,138.769865036,1270
1546447807168,/,GET,1,138.769865036,1270
1546447807168,/,GET,1,138.769865036,1270
1546447807168,/,GET,1,138.769865036,1270
1546447807168,/,GET,1,138.769865036,1270
1546447807168,/,GET,1,138.769865036,1270
1546447807168,/,GET,1,138.769865036,1270
1546447807168,/,GET,1,138.769865036,1270
1546447807936,/,GET,1,111.522912979,1270
1546447807936,/,GET,1,111.522912979,1270
1546447807936,/,GET,1,111.522912979,1270
1546447807936,/,GET,1,111.522912979,1270
1546447807936,/,GET,1,111.522912979,1270
1546447807936,/,GET,1,111.522912979,1270
1546447807936,/,GET,1,111.522912979,1270
1546447807936,/,GET,1,111.522912979,1270
1546447807936,/,GET,1,111.522912979,1270
1546447807936,/,GET,1,111.522912979,1270
1546447808141,/,GET,1,114.699840546,1270
1546447808141,/,GET,1,114.699840546,1270
1546447808141,/,GET,1,114.699840546,1270
1546447808141,/,GET,1,114.699840546,1270
1546447808141,/,GET,1,114.699840546,1270
1546447808141,/,GET,1,114.699840546,1270
1546447808141,/,GET,1,114.699840546,1270
1546447808141,/,GET,1,114.699840546,1270
1546447808141,/,GET,1,114.699840546,1270
1546447808141,/,GET,1,114.699840546,1270
1546447808702,/,GET,1,120.661973953,1270
1546447808702,/,GET,1,120.661973953,1270
1546447808702,/,GET,1,120.661973953,1270
1546447808702,/,GET,1,120.661973953,1270
1546447808702,/,GET,1,120.661973953,1270
1546447808702,/,GET,1,120.661973953,1270
1546447808702,/,GET,1,120.661973953,1270
1546447808702,/,GET,1,120.661973953,1270
1546447808702,/,GET,1,120.661973953,1270
1546447808702,/,GET,1,120.661973953,1270
1546447809503,/,GET,1,118.728160858,1270
1546447809503,/,GET,1,118.728160858,1270
1546447809503,/,GET,1,118.728160858,1270
1546447809503,/,GET,1,118.728160858,1270
1546447809503,/,GET,1,118.728160858,1270
1546447809503,/,GET,1,118.728160858,1270
1546447809503,/,GET,1,118.728160858,1270
1546447809503,/,GET,1,118.728160858,1270
1546447809503,/,GET,1,118.728160858,1270
1546447809503,/,GET,1,118.728160858,1270
1546447809707,/,GET,1,113.672971725,1270
1546447809707,/,GET,1,113.672971725,1270
1546447809707,/,GET,1,113.672971725,1270
1546447809707,/,GET,1,113.672971725,1270
1546447809707,/,GET,1,113.672971725,1270
1546447809707,/,GET,1,113.672971725,1270
1546447809707,/,GET,1,113.672971725,1270
1546447809707,/,GET,1,113.672971725,1270
1546447809707,/,GET,1,113.672971725,1270
1546447809707,/,GET,1,113.672971725,1270
1546447809883,/,GET,1,149.754047394,1270
1546447809883,/,GET,1,149.754047394,1270
1546447809883,/,GET,1,149.754047394,1270
1546447809883,/,GET,1,149.754047394,1270
1546447809883,/,GET,1,149.754047394,1270
1546447809883,/,GET,1,149.754047394,1270
1546447809883,/,GET,1,149.754047394,1270
1546447809883,/,GET,1,149.754047394,1270
1546447809883,/,GET,1,149.754047394,1270
1546447809883,/,GET,1,149.754047394,1270
1546447810032,/,GET,1,165.155172348,1270
1546447810032,/,GET,1,165.155172348,1270
1546447810032,/,GET,1,165.155172348,1270
1546447810032,/,GET,1,165.155172348,1270
1546447810032,/,GET,1,165.155172348,1270
1546447810032,/,GET,1,165.155172348,1270
1546447810032,/,GET,1,165.155172348,1270
1546447810032,/,GET,1,165.155172348,1270
1546447810032,/,GET,1,165.155172348,1270
1546447810032,/,GET,1,165.155172348,1270
1546447810232,/,GET,1,128.093004227,1270
1546447810232,/,GET,1,128.093004227,1270
1546447810232,/,GET,1,128.093004227,1270
1546447810232,/,GET,1,128.093004227,1270
1546447810232,/,GET,1,128.093004227,1270
1546447810232,/,GET,1,128.093004227,1270
1546447810232,/,GET,1,128.093004227,1270
1546447810232,/,GET,1,128.093004227,1270
1546447810232,/,GET,1,128.093004227,1270
1546447810232,/,GET,1,128.093004227,1270
1546447810766,/,GET,1,118.417978287,1270
1546447810766,/,GET,1,118.417978287,1270
1546447810766,/,GET,1,118.417978287,1270
1546447810766,/,GET,1,118.417978287,1270
1546447810766,/,GET,1,118.417978287,1270
1546447810766,/,GET,1,118.417978287,1270
1546447810766,/,GET,1,118.417978287,1270
1546447810766,/,GET,1,118.417978287,1270
1546447810766,/,GET,1,118.417978287,1270
1546447810766,/,GET,1,118.417978287,1270
1546447811129,/,GET,1,114.332914352,1270
1546447811129,/,GET,1,114.332914352,1270
1546447811129,/,GET,1,114.332914352,1270
1546447811129,/,GET,1,114.332914352,1270
1546447811129,/,GET,1,114.332914352,1270
1546447811129,/,GET,1,114.332914352,1270
1546447811129,/,GET,1,114.332914352,1270
1546447811129,/,GET,1,114.332914352,1270
1546447811129,/,GET,1,114.332914352,1270
1546447811129,/,GET,1,114.332914352,1270
1546447812493,/,GET,1,116.079807281,1270
1546447812493,/,GET,1,116.079807281,1270
1546447812493,/,GET,1,116.079807281,1270
1546447812493,/,GET,1,116.079807281,1270
1546447812493,/,GET,1,116.079807281,1270
1546447812493,/,GET,1,116.079807281,1270
1546447812493,/,GET,1,116.079807281,1270
1546447812493,/,GET,1,116.079807281,1270
1546447812493,/,GET,1,116.079807281,1270
1546447812493,/,GET,1,116.079807281,1270
1546447813235,/,GET,1,125.085830688,1270
1546447813235,/,GET,1,125.085830688,1270
1546447813235,/,GET,1,125.085830688,1270
1546447813235,/,GET,1,125.085830688,1270
1546447813235,/,GET,1,125.085830688,1270
1546447813235,/,GET,1,125.085830688,1270
1546447813235,/,GET,1,125.085830688,1270
1546447813235,/,GET,1,125.085830688,1270
1546447813235,/,GET,1,125.085830688,1270
1546447813235,/,GET,1,125.085830688,1270
1546447813294,/,GET,1,118.151903152,1270
1546447813294,/,GET,1,118.151903152,1270
1546447813294,/,GET,1,118.151903152,1270
1546447813294,/,GET,1,118.151903152,1270
1546447813294,/,GET,1,118.151903152,1270
1546447813294,/,GET,1,118.151903152,1270
1546447813294,/,GET,1,118.151903152,1270
1546447813294,/,GET,1,118.151903152,1270
1546447813294,/,GET,1,118.151903152,1270
1546447813294,/,GET,1,118.151903152,1270
1546447813310,/,GET,1,131.947040558,1270
1546447813310,/,GET,1,131.947040558,1270
1546447813310,/,GET,1,131.947040558,1270
1546447813310,/,GET,1,131.947040558,1270
1546447813310,/,GET,1,131.947040558,1270
1546447813310,/,GET,1,131.947040558,1270
1546447813310,/,GET,1,131.947040558,1270
1546447813310,/,GET,1,131.947040558,1270
1546447813310,/,GET,1,131.947040558,1270
1546447813310,/,GET,1,131.947040558,1270
1546447813991,/,GET,1,148.221969604,1270
1546447813991,/,GET,1,148.221969604,1270
1546447813991,/,GET,1,148.221969604,1270
1546447813991,/,GET,1,148.221969604,1270
1546447813991,/,GET,1,148.221969604,1270
1546447813991,/,GET,1,148.221969604,1270
1546447813991,/,GET,1,148.221969604,1270
1546447813991,/,GET,1,148.221969604,1270
1546447813991,/,GET,1,148.221969604,1270
1546447813991,/,GET,1,148.221969604,1270
1546447814754,/,GET,1,115.81993103,1270
1546447814754,/,GET,1,115.81993103,1270
1546447814754,/,GET,1,115.81993103,1270
1546447814754,/,GET,1,115.81993103,1270
1546447814754,/,GET,1,115.81993103,1270
1546447814754,/,GET,1,115.81993103,1270
1546447814754,/,GET,1,115.81993103,1270
1546447814754,/,GET,1,115.81993103,1270
1546447814754,/,GET,1,115.81993103,1270
1546447814754,/,GET,1,115.81993103,1270
1546447815129,/,GET,1,121.361017227,1270
1546447815129,/,GET,1,121.361017227,1270
1546447815129,/,GET,1,121.361017227,1270
1546447815129,/,GET,1,121.361017227,1270
1546447815129,/,GET,1,121.361017227,1270
1546447815129,/,GET,1,121.361017227,1270
1546447815129,/,GET,1,121.361017227,1270
1546447815129,/,GET,1,121.361017227,1270
1546447815129,/,GET,1,121.361017227,1270
1546447815129,/,GET,1,121.361017227,1270
1546447815441,/,GET,1,114.130973816,1270
1546447815441,/,GET,1,114.130973816,1270
1546447815441,/,GET,1,114.130973816,1270
1546447815441,/,GET,1,114.130973816,1270
1546447815441,/,GET,1,114.130973816,1270
1546447815441,/,GET,1,114.130973816,1270
1546447815441,/,GET,1,114.130973816,1270
1546447815441,/,GET,1,114.130973816,1270
1546447815441,/,GET,1,114.130973816,1270
1546447815441,/,GET,1,114.130973816,1270
1546447815464,/,GET,1,115.592002869,1270
1546447815464,/,GET,1,115.592002869,1270
1546447815464,/,GET,1,115.592002869,1270
1546447815464,/,GET,1,115.592002869,1270
1546447815464,/,GET,1,115.592002869,1270
1546447815464,/,GET,1,115.592002869,1270
1546447815464,/,GET,1,115.592002869,1270
1546447815464,/,GET,1,115.592002869,1270
1546447815464,/,GET,1,115.592002869,1270
1546447815464,/,GET,1,115.592002869,1270
1546447815540,/,GET,1,114.748954773,1270
1546447815540,/,GET,1,114.748954773,1270
1546447815540,/,GET,1,114.748954773,1270
1546447815540,/,GET,1,114.748954773,1270
1546447815540,/,GET,1,114.748954773,1270
1546447815540,/,GET,1,114.748954773,1270
1546447815540,/,GET,1,114.748954773,1270
1546447815540,/,GET,1,114.748954773,1270
1546447815540,/,GET,1,114.748954773,1270
1546447815540,/,GET,1,114.748954773,1270
1546447816914,/,GET,1,112.11180687,1270
1546447816914,/,GET,1,112.11180687,1270
1546447816914,/,GET,1,112.11180687,1270
1546447816914,/,GET,1,112.11180687,1270
1546447816914,/,GET,1,112.11180687,1270
1546447816914,/,GET,1,112.11180687,1270
1546447816914,/,GET,1,112.11180687,1270
1546447816914,/,GET,1,112.11180687,1270
1546447816914,/,GET,1,112.11180687,1270
1546447816914,/,GET,1,112.11180687,1270
1546447817794,/,GET,1,174.443006516,1270
1546447817794,/,GET,1,174.443006516,1270
1546447817794,/,GET,1,174.443006516,1270
1546447817794,/,GET,1,174.443006516,1270
1546447817794,/,GET,1,174.443006516,1270
1546447817794,/,GET,1,174.443006516,1270
1546447817794,/,GET,1,174.443006516,1270
1546447817794,/,GET,1,174.443006516,1270
1546447817794,/,GET,1,174.443006516,1270
1546447817794,/,GET,1,174.443006516,1270
1546447818229,/,GET,1,123.335838318,1270
1546447818229,/,GET,1,123.335838318,1270
1546447818229,/,GET,1,123.335838318,1270
1546447818229,/,GET,1,123.335838318,1270
1546447818229,/,GET,1,123.335838318,1270
1546447818229,/,GET,1,123.335838318,1270
1546447818229,/,GET,1,123.335838318,1270
1546447818229,/,GET,1,123.335838318,1270
1546447818229,/,GET,1,123.335838318,1270
1546447818229,/,GET,1,123.335838318,1270
1546447819221,/,GET,1,119.28486824,1270
1546447819221,/,GET,1,119.28486824,1270
1546447819221,/,GET,1,119.28486824,1270
1546447819221,/,GET,1,119.28486824,1270
1546447819221,/,GET,1,119.28486824,1270
1546447819221,/,GET,1,119.28486824,1270
1546447819221,/,GET,1,119.28486824,1270
1546447819221,/,GET,1,119.28486824,1270
1546447819221,/,GET,1,119.28486824,1270
1546447819221,/,GET,1,119.28486824,1270
1546447819337,/,GET,1,151.777982712,1270
1546447819337,/,GET,1,151.777982712,1270
1546447819337,/,GET,1,151.777982712,1270
1546447819337,/,GET,1,151.777982712,1270
1546447819337,/,GET,1,151.777982712,1270
1546447819337,/,GET,1,151.777982712,1270
1546447819337,/,GET,1,151.777982712,1270
1546447819337,/,GET,1,151.777982712,1270
1546447819337,/,GET,1,151.777982712,1270
1546447819337,/,GET,1,151.777982712,1270
1546447819566,/,GET,1,113.436937332,1270
1546447819566,/,GET,1,113.436937332,1270
1546447819566,/,GET,1,113.436937332,1270
1546447819566,/,GET,1,113.436937332,1270
1546447819566,/,GET,1,113.436937332,1270
1546447819566,/,GET,1,113.436937332,1270
1546447819566,/,GET,1,113.436937332,1270
1546447819566,/,GET,1,113.436937332,1270
1546447819566,/,GET,1,113.436937332,1270
1546447819566,/,GET,1,113.436937332,1270
1546447819725,/,GET,1,263.743162155,1270
1546447819725,/,GET,1,263.743162155,1270
1546447819725,/,GET,1,263.743162155,1270
1546447819725,/,GET,1,263.743162155,1270
1546447819725,/,GET,1,263.743162155,1270
1546447819725,/,GET,1,263.743162155,1270
1546447819725,/,GET,1,263.743162155,1270
1546447819725,/,GET,1,263.743162155,1270
1546447819725,/,GET,1,263.743162155,1270
1546447819725,/,GET,1,263.743162155,1270
1546447819753,/,GET,1,169.939994812,1270
1546447819753,/,GET,1,169.939994812,1270
1546447819753,/,GET,1,169.939994812,1270
1546447819753,/,GET,1,169.939994812,1270
1546447819753,/,GET,1,169.939994812,1270
1546447819753,/,GET,1,169.939994812,1270
1546447819753,/,GET,1,169.939994812,1270
1546447819753,/,GET,1,169.939994812,1270
1546447819753,/,GET,1,169.939994812,1270
1546447819753,/,GET,1,169.939994812,1270
1546447820395,/,GET,1,133.345127106,1270
1546447820395,/,GET,1,133.345127106,1270
1546447820395,/,GET,1,133.345127106,1270
1546447820395,/,GET,1,133.345127106,1270
1546447820395,/,GET,1,133.345127106,1270
1546447820395,/,GET,1,133.345127106,1270
1546447820395,/,GET,1,133.345127106,1270
1546447820395,/,GET,1,133.345127106,1270
1546447820395,/,GET,1,133.345127106,1270
1546447820395,/,GET,1,133.345127106,1270
1546447820550,/,GET,1,115.562915802,1270
1546447820550,/,GET,1,115.562915802,1270
1546447820551,/,GET,1,115.562915802,1270
1546447820551,/,GET,1,115.562915802,1270
1546447820551,/,GET,1,115.562915802,1270
1546447820551,/,GET,1,115.562915802,1270
1546447820551,/,GET,1,115.562915802,1270
1546447820551,/,GET,1,115.562915802,1270
1546447820551,/,GET,1,115.562915802,1270
1546447820551,/,GET,1,115.562915802,1270
1546447820825,/,GET,1,123.062849045,1270
1546447820825,/,GET,1,123.062849045,1270
1546447820825,/,GET,1,123.062849045,1270
1546447820825,/,GET,1,123.062849045,1270
1546447820825,/,GET,1,123.062849045,1270
1546447820825,/,GET,1,123.062849045,1270
1546447820825,/,GET,1,123.062849045,1270
1546447820825,/,GET,1,123.062849045,1270
1546447820825,/,GET,1,123.062849045,1270
1546447820825,/,GET,1,123.062849045,1270
1546447821210,/,GET,1,114.790916443,1270
1546447821210,/,GET,1,114.790916443,1270
1546447821210,/,GET,1,114.790916443,1270
1546447821210,/,GET,1,114.790916443,1270
1546447821210,/,GET,1,114.790916443,1270
1546447821210,/,GET,1,114.790916443,1270
1546447821210,/,GET,1,114.790916443,1270
1546447821210,/,GET,1,114.790916443,1270
1546447821210,/,GET,1,114.790916443,1270
1546447821210,/,GET,1,114.790916443,1270
1546447823181,/,GET,1,117.250919342,1270
1546447823181,/,GET,1,117.250919342,1270
1546447823181,/,GET,1,117.250919342,1270
1546447823181,/,GET,1,117.250919342,1270
1546447823181,/,GET,1,117.250919342,1270
1546447823181,/,GET,1,117.250919342,1270
1546447823181,/,GET,1,117.250919342,1270
1546447823181,/,GET,1,117.250919342,1270
1546447823181,/,GET,1,117.250919342,1270
1546447823181,/,GET,1,117.250919342,1270
1546447823218,/,GET,1,111.730098724,1270
1546447823218,/,GET,1,111.730098724,1270
1546447823218,/,GET,1,111.730098724,1270
1546447823218,/,GET,1,111.730098724,1270
1546447823218,/,GET,1,111.730098724,1270
1546447823218,/,GET,1,111.730098724,1270
1546447823218,/,GET,1,111.730098724,1270
1546447823218,/,GET,1,111.730098724,1270
1546447823218,/,GET,1,111.730098724,1270
1546447823218,/,GET,1,111.730098724,1270
1546447823901,/,GET,1,119.235992432,1270
1546447823901,/,GET,1,119.235992432,1270
1546447823901,/,GET,1,119.235992432,1270
1546447823901,/,GET,1,119.235992432,1270
1546447823901,/,GET,1,119.235992432,1270
1546447823901,/,GET,1,119.235992432,1270
1546447823901,/,GET,1,119.235992432,1270
1546447823901,/,GET,1,119.235992432,1270
1546447823901,/,GET,1,119.235992432,1270
1546447823901,/,GET,1,119.235992432,1270
1546447823909,/,GET,1,114.856958389,1270
1546447823909,/,GET,1,114.856958389,1270
1546447823909,/,GET,1,114.856958389,1270
1546447823909,/,GET,1,114.856958389,1270
1546447823909,/,GET,1,114.856958389,1270
1546447823909,/,GET,1,114.856958389,1270
1546447823909,/,GET,1,114.856958389,1270
1546447823909,/,GET,1,114.856958389,1270
1546447823909,/,GET,1,114.856958389,1270
1546447823909,/,GET,1,114.856958389,1270
1546447824015,/,GET,1,117.665052414,1270
1546447824015,/,GET,1,117.665052414,1270
1546447824015,/,GET,1,117.665052414,1270
1546447824015,/,GET,1,117.665052414,1270
1546447824015,/,GET,1,117.665052414,1270
1546447824015,/,GET,1,117.665052414,1270
1546447824015,/,GET,1,117.665052414,1270
1546447824015,/,GET,1,117.665052414,1270
1546447824015,/,GET,1,117.665052414,1270
1546447824015,/,GET,1,117.665052414,1270
1546447824023,/,GET,1,120.200872421,1270
1546447824023,/,GET,1,120.200872421,1270
1546447824023,/,GET,1,120.200872421,1270
1546447824023,/,GET,1,120.200872421,1270
1546447824023,/,GET,1,120.200872421,1270
1546447824023,/,GET,1,120.200872421,1270
1546447824023,/,GET,1,120.200872421,1270
1546447824023,/,GET,1,120.200872421,1270
1546447824023,/,GET,1,120.200872421,1270
1546447824023,/,GET,1,120.200872421,1270
1546447824447,/,GET,1,114.814043045,1270
1546447824447,/,GET,1,114.814043045,1270
1546447824447,/,GET,1,114.814043045,1270
1546447824447,/,GET,1,114.814043045,1270
1546447824447,/,GET,1,114.814043045,1270
1546447824447,/,GET,1,114.814043045,1270
1546447824447,/,GET,1,114.814043045,1270
1546447824447,/,GET,1,114.814043045,1270
1546447824447,/,GET,1,114.814043045,1270
1546447824447,/,GET,1,114.814043045,1270
1546447825120,/,GET,1,134.116172791,1270
1546447825120,/,GET,1,134.116172791,1270
1546447825120,/,GET,1,134.116172791,1270
1546447825120,/,GET,1,134.116172791,1270
1546447825120,/,GET,1,134.116172791,1270
1546447825120,/,GET,1,134.116172791,1270
1546447825120,/,GET,1,134.116172791,1270
1546447825120,/,GET,1,134.116172791,1270
1546447825120,/,GET,1,134.116172791,1270
1546447825120,/,GET,1,134.116172791,1270
1546447825282,/,GET,1,117.234945297,1270
1546447825282,/,GET,1,117.234945297,1270
1546447825282,/,GET,1,117.234945297,1270
1546447825282,/,GET,1,117.234945297,1270
1546447825282,/,GET,1,117.234945297,1270
1546447825282,/,GET,1,117.234945297,1270
1546447825282,/,GET,1,117.234945297,1270
1546447825282,/,GET,1,117.234945297,1270
1546447825282,/,GET,1,117.234945297,1270
1546447825282,/,GET,1,117.234945297,1270
1546447825735,/,GET,1,112.369060516,1270
1546447825735,/,GET,1,112.369060516,1270
1546447825735,/,GET,1,112.369060516,1270
1546447825735,/,GET,1,112.369060516,1270
1546447825735,/,GET,1,112.369060516,1270
1546447825735,/,GET,1,112.369060516,1270
1546447825735,/,GET,1,112.369060516,1270
1546447825735,/,GET,1,112.369060516,1270
1546447825735,/,GET,1,112.369060516,1270
1546447825735,/,GET,1,112.369060516,1270
1546447827006,/,GET,1,117.26307869,1270
1546447827006,/,GET,1,117.26307869,1270
1546447827006,/,GET,1,117.26307869,1270
1546447827006,/,GET,1,117.26307869,1270
1546447827006,/,GET,1,117.26307869,1270
1546447827006,/,GET,1,117.26307869,1270
1546447827006,/,GET,1,117.26307869,1270
1546447827006,/,GET,1,117.26307869,1270
1546447827006,/,GET,1,117.26307869,1270
1546447827006,/,GET,1,117.26307869,1270
1546447828056,/,GET,1,114.696025848,1270
1546447828056,/,GET,1,114.696025848,1270
1546447828056,/,GET,1,114.696025848,1270
1546447828056,/,GET,1,114.696025848,1270
1546447828056,/,GET,1,114.696025848,1270
1546447828056,/,GET,1,114.696025848,1270
1546447828056,/,GET,1,114.696025848,1270
1546447828056,/,GET,1,114.696025848,1270
1546447828056,/,GET,1,114.696025848,1270
1546447828056,/,GET,1,114.696025848,1270
1546447828268,/,GET,1,113.768815994,1270
1546447828268,/,GET,1,113.768815994,1270
1546447828268,/,GET,1,113.768815994,1270
1546447828268,/,GET,1,113.768815994,1270
1546447828268,/,GET,1,113.768815994,1270
1546447828268,/,GET,1,113.768815994,1270
1546447828268,/,GET,1,113.768815994,1270
1546447828268,/,GET,1,113.768815994,1270
1546447828268,/,GET,1,113.768815994,1270
1546447828268,/,GET,1,113.768815994,1270
1546447828373,/,GET,1,130.153894424,1270
1546447828373,/,GET,1,130.153894424,1270
1546447828373,/,GET,1,130.153894424,1270
1546447828373,/,GET,1,130.153894424,1270
1546447828373,/,GET,1,130.153894424,1270
1546447828373,/,GET,1,130.153894424,1270
1546447828373,/,GET,1,130.153894424,1270
1546447828373,/,GET,1,130.153894424,1270
1546447828373,/,GET,1,130.153894424,1270
1546447828373,/,GET,1,130.153894424,1270
1546447828437,/,GET,1,115.140914917,1270
1546447828437,/,GET,1,115.140914917,1270
1546447828437,/,GET,1,115.140914917,1270
1546447828437,/,GET,1,115.140914917,1270
1546447828437,/,GET,1,115.140914917,1270
1546447828437,/,GET,1,115.140914917,1270
1546447828437,/,GET,1,115.140914917,1270
1546447828437,/,GET,1,115.140914917,1270
1546447828437,/,GET,1,115.140914917,1270
1546447828437,/,GET,1,115.140914917,1270
1546447828717,/,GET,1,129.79388237,1270
1546447828717,/,GET,1,129.79388237,1270
1546447828717,/,GET,1,129.79388237,1270
1546447828717,/,GET,1,129.79388237,1270
1546447828717,/,GET,1,129.79388237,1270
1546447828717,/,GET,1,129.79388237,1270
1546447828717,/,GET,1,129.79388237,1270
1546447828717,/,GET,1,129.79388237,1270
1546447828717,/,GET,1,129.79388237,1270
1546447828717,/,GET,1,129.79388237,1270
1546447829455,/,GET,1,155.045986176,1270
1546447829455,/,GET,1,155.045986176,1270
1546447829455,/,GET,1,155.045986176,1270
1546447829455,/,GET,1,155.045986176,1270
1546447829455,/,GET,1,155.045986176,1270
1546447829455,/,GET,1,155.045986176,1270
1546447829455,/,GET,1,155.045986176,1270
1546447829455,/,GET,1,155.045986176,1270
1546447829455,/,GET,1,155.045986176,1270
1546447829455,/,GET,1,155.045986176,1270
1546447829577,/,GET,1,206.627130508,1270
1546447829577,/,GET,1,206.627130508,1270
1546447829577,/,GET,1,206.627130508,1270
1546447829577,/,GET,1,206.627130508,1270
1546447829577,/,GET,1,206.627130508,1270
1546447829577,/,GET,1,206.627130508,1270
1546447829577,/,GET,1,206.627130508,1270
1546447829577,/,GET,1,206.627130508,1270
1546447829577,/,GET,1,206.627130508,1270
1546447829577,/,GET,1,206.627130508,1270
1546447830030,/,GET,1,116.959095001,1270
1546447830030,/,GET,1,116.959095001,1270
1546447830030,/,GET,1,116.959095001,1270
1546447830030,/,GET,1,116.959095001,1270
1546447830030,/,GET,1,116.959095001,1270
1546447830030,/,GET,1,116.959095001,1270
1546447830030,/,GET,1,116.959095001,1270
1546447830030,/,GET,1,116.959095001,1270
1546447830030,/,GET,1,116.959095001,1270
1546447830030,/,GET,1,116.959095001,1270
1546447830990,/,GET,1,115.536928177,1270
1546447830990,/,GET,1,115.536928177,1270
1546447830990,/,GET,1,115.536928177,1270
1546447830990,/,GET,1,115.536928177,1270
1546447830990,/,GET,1,115.536928177,1270
1546447830990,/,GET,1,115.536928177,1270
1546447830990,/,GET,1,115.536928177,1270
1546447830990,/,GET,1,115.536928177,1270
1546447830990,/,GET,1,115.536928177,1270
1546447830990,/,GET,1,115.536928177,1270
1546447831178,/,GET,1,114.464998245,1270
1546447831178,/,GET,1,114.464998245,1270
1546447831178,/,GET,1,114.464998245,1270
1546447831178,/,GET,1,114.464998245,1270
1546447831178,/,GET,1,114.464998245,1270
1546447831178,/,GET,1,114.464998245,1270
1546447831178,/,GET,1,114.464998245,1270
1546447831178,/,GET,1,114.464998245,1270
1546447831178,/,GET,1,114.464998245,1270
1546447831178,/,GET,1,114.464998245,1270
1546447832746,/,GET,1,119.95100975,1270
1546447832746,/,GET,1,119.95100975,1270
1546447832746,/,GET,1,119.95100975,1270
1546447832746,/,GET,1,119.95100975,1270
1546447832746,/,GET,1,119.95100975,1270
1546447832746,/,GET,1,119.95100975,1270
1546447832746,/,GET,1,119.95100975,1270
1546447832746,/,GET,1,119.95100975,1270
1546447832746,/,GET,1,119.95100975,1270
1546447832746,/,GET,1,119.95100975,1270
1546447832998,/,GET,1,115.359067917,1270
1546447832998,/,GET,1,115.359067917,1270
1546447832998,/,GET,1,115.359067917,1270
1546447832998,/,GET,1,115.359067917,1270
1546447832998,/,GET,1,115.359067917,1270
1546447832998,/,GET,1,115.359067917,1270
1546447832998,/,GET,1,115.359067917,1270
1546447832998,/,GET,1,115.359067917,1270
1546447832998,/,GET,1,115.359067917,1270
1546447832998,/,GET,1,115.359067917,1270
1546447833087,/,GET,1,116.898059845,1270
1546447833087,/,GET,1,116.898059845,1270
1546447833087,/,GET,1,116.898059845,1270
1546447833087,/,GET,1,116.898059845,1270
1546447833087,/,GET,1,116.898059845,1270
1546447833087,/,GET,1,116.898059845,1270
1546447833087,/,GET,1,116.898059845,1270
1546447833087,/,GET,1,116.898059845,1270
1546447833087,/,GET,1,116.898059845,1270
1546447833087,/,GET,1,116.898059845,1270
1546447833717,/,GET,1,115.077018738,1270
1546447833717,/,GET,1,115.077018738,1270
1546447833717,/,GET,1,115.077018738,1270
1546447833717,/,GET,1,115.077018738,1270
1546447833717,/,GET,1,115.077018738,1270
1546447833717,/,GET,1,115.077018738,1270
1546447833717,/,GET,1,115.077018738,1270
1546447833717,/,GET,1,115.077018738,1270
1546447833717,/,GET,1,115.077018738,1270
1546447833717,/,GET,1,115.077018738,1270
1546447834479,/,GET,1,117.558002472,1270
1546447834479,/,GET,1,117.558002472,1270
1546447834479,/,GET,1,117.558002472,1270
1546447834479,/,GET,1,117.558002472,1270
1546447834479,/,GET,1,117.558002472,1270
1546447834479,/,GET,1,117.558002472,1270
1546447834479,/,GET,1,117.558002472,1270
1546447834479,/,GET,1,117.558002472,1270
1546447834479,/,GET,1,117.558002472,1270
1546447834479,/,GET,1,117.558002472,1270
1546447834769,/,GET,1,115.223169327,1270
1546447834769,/,GET,1,115.223169327,1270
1546447834769,/,GET,1,115.223169327,1270
1546447834769,/,GET,1,115.223169327,1270
1546447834769,/,GET,1,115.223169327,1270
1546447834769,/,GET,1,115.223169327,1270
1546447834769,/,GET,1,115.223169327,1270
1546447834769,/,GET,1,115.223169327,1270
1546447834769,/,GET,1,115.223169327,1270
1546447834769,/,GET,1,115.223169327,1270
1546447834985,/,GET,1,113.749980927,1270
1546447834985,/,GET,1,113.749980927,1270
1546447834985,/,GET,1,113.749980927,1270
1546447834985,/,GET,1,113.749980927,1270
1546447834985,/,GET,1,113.749980927,1270
1546447834985,/,GET,1,113.749980927,1270
1546447834985,/,GET,1,113.749980927,1270
1546447834985,/,GET,1,113.749980927,1270
1546447834985,/,GET,1,113.749980927,1270
1546447834985,/,GET,1,113.749980927,1270
1546447835394,/,GET,1,115.566015244,1270
1546447835394,/,GET,1,115.566015244,1270
1546447835394,/,GET,1,115.566015244,1270
1546447835394,/,GET,1,115.566015244,1270
1546447835394,/,GET,1,115.566015244,1270
1546447835394,/,GET,1,115.566015244,1270
1546447835394,/,GET,1,115.566015244,1270
1546447835394,/,GET,1,115.566015244,1270
1546447835394,/,GET,1,115.566015244,1270
1546447835394,/,GET,1,115.566015244,1270
1546447835583,/,GET,1,114.933013916,1270
1546447835583,/,GET,1,114.933013916,1270
1546447835583,/,GET,1,114.933013916,1270
1546447835583,/,GET,1,114.933013916,1270
1546447835583,/,GET,1,114.933013916,1270
1546447835583,/,GET,1,114.933013916,1270
1546447835583,/,GET,1,114.933013916,1270
1546447835583,/,GET,1,114.933013916,1270
1546447835583,/,GET,1,114.933013916,1270
1546447835583,/,GET,1,114.933013916,1270
1546447835917,/,GET,1,112.632036209,1270
1546447835917,/,GET,1,112.632036209,1270
1546447835917,/,GET,1,112.632036209,1270
1546447835917,/,GET,1,112.632036209,1270
1546447835917,/,GET,1,112.632036209,1270
1546447835917,/,GET,1,112.632036209,1270
1546447835917,/,GET,1,112.632036209,1270
1546447835917,/,GET,1,112.632036209,1270
1546447835917,/,GET,1,112.632036209,1270
1546447835917,/,GET,1,112.632036209,1270
1546447836841,/,GET,1,114.156961441,1270
1546447836841,/,GET,1,114.156961441,1270
1546447836841,/,GET,1,114.156961441,1270
1546447836841,/,GET,1,114.156961441,1270
1546447836841,/,GET,1,114.156961441,1270
1546447836841,/,GET,1,114.156961441,1270
1546447836841,/,GET,1,114.156961441,1270
1546447836841,/,GET,1,114.156961441,1270
1546447836841,/,GET,1,114.156961441,1270
1546447836841,/,GET,1,114.156961441,1270
1546447837451,/,GET,1,116.531133652,1270
1546447837451,/,GET,1,116.531133652,1270
1546447837451,/,GET,1,116.531133652,1270
1546447837451,/,GET,1,116.531133652,1270
1546447837451,/,GET,1,116.531133652,1270
1546447837451,/,GET,1,116.531133652,1270
1546447837451,/,GET,1,116.531133652,1270
1546447837451,/,GET,1,116.531133652,1270
1546447837451,/,GET,1,116.531133652,1270
1546447837451,/,GET,1,116.531133652,1270
1546447837927,/,GET,1,121.057987213,1270
1546447837927,/,GET,1,121.057987213,1270
1546447837927,/,GET,1,121.057987213,1270
1546447837927,/,GET,1,121.057987213,1270
1546447837927,/,GET,1,121.057987213,1270
1546447837927,/,GET,1,121.057987213,1270
1546447837927,/,GET,1,121.057987213,1270
1546447837927,/,GET,1,121.057987213,1270
1546447837927,/,GET,1,121.057987213,1270
1546447837927,/,GET,1,121.057987213,1270
1546447838865,/,GET,1,116.98102951,1270
1546447838865,/,GET,1,116.98102951,1270
1546447838865,/,GET,1,116.98102951,1270
1546447838865,/,GET,1,116.98102951,1270
1546447838865,/,GET,1,116.98102951,1270
1546447838865,/,GET,1,116.98102951,1270
1546447838865,/,GET,1,116.98102951,1270
1546447838865,/,GET,1,116.98102951,1270
1546447838865,/,GET,1,116.98102951,1270
1546447838865,/,GET,1,116.98102951,1270
1546447839434,/,GET,1,119.415998459,1270
1546447839434,/,GET,1,119.415998459,1270
1546447839434,/,GET,1,119.415998459,1270
1546447839434,/,GET,1,119.415998459,1270
1546447839434,/,GET,1,119.415998459,1270
1546447839434,/,GET,1,119.415998459,1270
1546447839434,/,GET,1,119.415998459,1270
1546447839434,/,GET,1,119.415998459,1270
1546447839434,/,GET,1,119.415998459,1270
1546447839434,/,GET,1,119.415998459,1270
1546447839665,/,GET,1,115.585803986,1270
1546447839665,/,GET,1,115.585803986,1270
1546447839665,/,GET,1,115.585803986,1270
1546447839665,/,GET,1,115.585803986,1270
1546447839665,/,GET,1,115.585803986,1270
1546447839665,/,GET,1,115.585803986,1270
1546447839665,/,GET,1,115.585803986,1270
1546447839665,/,GET,1,115.585803986,1270
1546447839665,/,GET,1,115.585803986,1270
1546447839665,/,GET,1,115.585803986,1270
1546447839782,/,GET,1,130.860090256,1270
1546447839782,/,GET,1,130.860090256,1270
1546447839782,/,GET,1,130.860090256,1270
1546447839782,/,GET,1,130.860090256,1270
1546447839782,/,GET,1,130.860090256,1270
1546447839782,/,GET,1,130.860090256,1270
1546447839782,/,GET,1,130.860090256,1270
1546447839782,/,GET,1,130.860090256,1270
1546447839782,/,GET,1,130.860090256,1270
1546447839782,/,GET,1,130.860090256,1270
1546447840700,/,GET,1,125.113010406,1270
1546447840700,/,GET,1,125.113010406,1270
1546447840700,/,GET,1,125.113010406,1270
1546447840700,/,GET,1,125.113010406,1270
1546447840700,/,GET,1,125.113010406,1270
1546447840700,/,GET,1,125.113010406,1270
1546447840700,/,GET,1,125.113010406,1270
1546447840700,/,GET,1,125.113010406,1270
1546447840700,/,GET,1,125.113010406,1270
1546447840700,/,GET,1,125.113010406,1270
1546447840825,/,GET,1,115.601062775,1270
1546447840825,/,GET,1,115.601062775,1270
1546447840825,/,GET,1,115.601062775,1270
1546447840825,/,GET,1,115.601062775,1270
1546447840825,/,GET,1,115.601062775,1270
1546447840825,/,GET,1,115.601062775,1270
1546447840825,/,GET,1,115.601062775,1270
1546447840825,/,GET,1,115.601062775,1270
1546447840825,/,GET,1,115.601062775,1270
1546447840825,/,GET,1,115.601062775,1270
1546447840890,/,GET,1,112.059831619,1270
1546447840890,/,GET,1,112.059831619,1270
1546447840890,/,GET,1,112.059831619,1270
1546447840890,/,GET,1,112.059831619,1270
1546447840890,/,GET,1,112.059831619,1270
1546447840890,/,GET,1,112.059831619,1270
1546447840890,/,GET,1,112.059831619,1270
1546447840890,/,GET,1,112.059831619,1270
1546447840890,/,GET,1,112.059831619,1270
1546447840890,/,GET,1,112.059831619,1270
1546447841298,/,GET,1,132.758140564,1270
1546447841298,/,GET,1,132.758140564,1270
1546447841298,/,GET,1,132.758140564,1270
1546447841298,/,GET,1,132.758140564,1270
1546447841298,/,GET,1,132.758140564,1270
1546447841298,/,GET,1,132.758140564,1270
1546447841298,/,GET,1,132.758140564,1270
1546447841298,/,GET,1,132.758140564,1270
1546447841298,/,GET,1,132.758140564,1270
1546447841298,/,GET,1,132.758140564,1270
1546447843187,/,GET,1,1740.73600769,1270
1546447843187,/,GET,1,1740.73600769,1270
1546447843187,/,GET,1,1740.73600769,1270
1546447843187,/,GET,1,1740.73600769,1270
1546447843187,/,GET,1,1740.73600769,1270
1546447843187,/,GET,1,1740.73600769,1270
1546447843187,/,GET,1,1740.73600769,1270
1546447843187,/,GET,1,1740.73600769,1270
1546447843187,/,GET,1,1740.73600769,1270
1546447843187,/,GET,1,1740.73600769,1270
1546447843506,/,GET,1,113.812923431,1270
1546447843506,/,GET,1,113.812923431,1270
1546447843506,/,GET,1,113.812923431,1270
1546447843506,/,GET,1,113.812923431,1270
1546447843506,/,GET,1,113.812923431,1270
1546447843506,/,GET,1,113.812923431,1270
1546447843506,/,GET,1,113.812923431,1270
1546447843506,/,GET,1,113.812923431,1270
1546447843506,/,GET,1,113.812923431,1270
1546447843506,/,GET,1,113.812923431,1270
1546447843841,/,GET,1,117.399930954,1270
1546447843841,/,GET,1,117.399930954,1270
1546447843841,/,GET,1,117.399930954,1270
1546447843841,/,GET,1,117.399930954,1270
1546447843841,/,GET,1,117.399930954,1270
1546447843841,/,GET,1,117.399930954,1270
1546447843841,/,GET,1,117.399930954,1270
1546447843841,/,GET,1,117.399930954,1270
1546447843841,/,GET,1,117.399930954,1270
1546447843841,/,GET,1,117.399930954,1270
1546447844146,/,GET,1,113.249063492,1270
1546447844146,/,GET,1,113.249063492,1270
1546447844146,/,GET,1,113.249063492,1270
1546447844146,/,GET,1,113.249063492,1270
1546447844146,/,GET,1,113.249063492,1270
1546447844146,/,GET,1,113.249063492,1270
1546447844146,/,GET,1,113.249063492,1270
1546447844146,/,GET,1,113.249063492,1270
1546447844146,/,GET,1,113.249063492,1270
1546447844146,/,GET,1,113.249063492,1270
1546447844570,/,GET,1,127.190828323,1270
1546447844570,/,GET,1,127.190828323,1270
1546447844570,/,GET,1,127.190828323,1270
1546447844570,/,GET,1,127.190828323,1270
1546447844570,/,GET,1,127.190828323,1270
1546447844570,/,GET,1,127.190828323,1270
1546447844570,/,GET,1,127.190828323,1270
1546447844570,/,GET,1,127.190828323,1270
1546447844570,/,GET,1,127.190828323,1270
1546447844570,/,GET,1,127.190828323,1270
http://www.example.com
